sensor_index,name,location_type,model,hardware,latitude,longitude
278863,Rio Balsas,0,PA-II-ZEN,3.0+OPENLOG+NO-DISK+RV3028+BME68X+KX122+PMSX003-A+PMSX003-B,25.662691,-100.37312
278869,Veredalta,0,PA-II-ZEN,3.0+OPENLOG+NO-DISK+RV3028+BME68X+KX122+PMSX003-A+PMSX003-B,25.638226,-100.3525
278871,Parroquia Reina de Los Ángeles,0,PA-II-ZEN,3.0+OPENLOG+NO-DISK+RV3028+BME68X+KX122+PMSX003-A+PMSX003-B,25.636341,-100.36872
278875,Secretaría de Relaciones Exteriores,0,PA-II-ZEN,3.0+OPENLOG+NO-DISK+RV3028+BME68X+KX122+PMSX003-A+PMSX003-B,25.667723,-100.38136
278883,Mater International Institute,0,PA-II-ZEN,3.0+OPENLOG+NO-DISK+RV3028+BME68X+KX122+PMSX003-A+PMSX003-B,25.641127,-100.362755
278889,Chipinque Meseta,0,PA-II-ZEN,3.0+OPENLOG+NO-DISK+RV3028+BME68X+KX122+PMSX003-A+PMSX003-B,25.607624,-100.355156
278901,OFICINAS SAN PEDRO PARQUES,0,PA-II-ZEN,3.0+OPENLOG+NO-DISK+RV3028+BME68X+KX122+PMSX003-A+PMSX003-B,25.644024,-100.376305
278919,Residencia Tabachín,0,PA-II-ZEN,3.0+OPENLOG+NO-DISK+RV3028+BME68X+KX122+PMSX003-A+PMSX003-B,25.630367,-100.34808
278929,Rio Caura,0,PA-II-ZEN,3.0+OPENLOG+NO-DISK+RV3028+BME68X+KX122+PMSX003-A+PMSX003-B,25.659946,-100.38283
278931,Residencia Platon,0,PA-II-ZEN,3.0+OPENLOG+NO-DISK+RV3028+BME68X+KX122+PMSX003-A+PMSX003-B,25.630522,-100.36023
278937,Residencia Saqqara,0,PA-II-ZEN,3.0+OPENLOG+NO-DISK+RV3028+BME68X+KX122+PMSX003-A+PMSX003-B,25.652473,-100.349236
278939,Residencia Rio Rosas,0,PA-II-ZEN,3.0+OPENLOG+NO-DISK+RV3028+BME68X+KX122+PMSX003-A+PMSX003-B,25.656303,-100.36027
278951,Parque El Capitán,0,PA-II-ZEN,3.0+OPENLOG+NO-DISK+RV3028+BME68X+KX122+PMSX003-A+PMSX003-B,25.663504,-100.35734
278957,Los Pinos,0,PA-II-ZEN,3.0+OPENLOG+NO-DISK+RV3028+BME68X+KX122+PMSX003-A+PMSX003-B,25.672205,-100.397354
278959,Colegio Nobel,0,PA-II-ZEN,3.0+OPENLOG+NO-DISK+RV3028+BME68X+KX122+PMSX003-A+PMSX003-B,25.657562,-100.39641
278955,Residencia San Mateo,0,PA-II-FLEX,3.0+OPENLOG+NO-DISK+PMSX003-A+PMSX003-B,25.643766,-100.31643
279836,San Roberto International School San Agustin,0,PA-II-ZEN,3.0+OPENLOG+NO-DISK+RV3028+BME68X+KX122+PMSX003-A+PMSX003-B,25.646032,-100.338165
279834,Colegio Ingles Campus Encino,0,PA-II-ZEN,3.0+OPENLOG+NO-DISK+RV3028+BME68X+KX122+PMSX003-A+PMSX003-B,25.637669,-100.33746
279854,Pinos,0,PA-II-ZEN,3.0+OPENLOG+NO-DISK+RV3028+BME68X+KX122+PMSX003-A+PMSX003-B,25.65975,-100.349976
279866,Lomas del Campestre,0,PA-II-ZEN,3.0+OPENLOG+NO-DISK+RV3028+BME68X+KX122+PMSX003-A+PMSX003-B,25.638052,-100.33173
279890,María Desatadora de Nudos,0,PA-II-ZEN,3.0+OPENLOG+NO-DISK+RV3028+BME68X+KX122+PMSX003-A+PMSX003-B,25.624146,-100.37315
279926,Parque Mississippi,0,PA-II-ZEN,3.0+OPENLOG+NO-DISK+RV3028+BME68X+KX122+PMSX003-A+PMSX003-B,25.657495,-100.36317
280524,Privada Paso de la Sierra,0,PA-II-ZEN,3.0+OPENLOG+NO-DISK+RV3028+BME68X+KX122+PMSX003-A+PMSX003-B,25.648457,-100.36256
280520,Irish International School Campus First School,0,PA-II-ZEN,3.0+OPENLOG+NO-DISK+RV3028+BME68X+KX122+PMSX003-A+PMSX003-B,25.639212,-100.34154
280532,Museo La Milarca,0,PA-II-ZEN,3.0+OPENLOG+NO-DISK+RV3028+BME68X+KX122+PMSX003-A+PMSX003-B,25.64443,-100.32734
280534,Residencia Savotino,0,PA-II-ZEN,3.0+OPENLOG+NO-DISK+RV3028+BME68X+KX122+PMSX003-A+PMSX003-B,25.662497,-100.36313
280644,Residencia nogal,0,PA-II-ZEN,3.0+OPENLOG+NO-DISK+RV3028+BME68X+KX122+PMSX003-A+PMSX003-B,25.61478,-100.368286
280900,Rio Necaxa,0,PA-II-ZEN,3.0+OPENLOG+NO-DISK+RV3028+BME68X+KX122+PMSX003-A+PMSX003-B,25.65677,-100.344666
280902,Residencia Rio Pesqueria,0,PA-II-ZEN,3.0+OPENLOG+NO-DISK+RV3028+BME68X+KX122+PMSX003-A+PMSX003-B,25.658936,-100.37394
284960,Esquina Barranquilla y Patagonia (Altavista),0,PA-II-FLEX,3.0+OPENLOG+31268 MB+RV3028+BME68X+PMSX003-A+PMSX003-B,25.644045,-100.29044
286238,Oasis,0,PA-II-FLEX,3.0+OPENLOG+31268 MB+PMSX003-A+PMSX003-B,25.640884,-100.30304
286240,Casa Naranjos,0,PA-II-FLEX,3.0+OPENLOG+31268 MB+RV3028+BME68X+PMSX003-A+PMSX003-B,25.654285,-100.28977
288064,Terminal,0,PA-II-FLEX,3.0+OPENLOG+NO-DISK+RV3028+BME68X+PMSX003-A+PMSX003-B,25.686438,-100.29351
288066,Hospital de San Vicente,0,PA-II-FLEX,3.0+OPENLOG+NO-DISK+RV3028+BME68X+PMSX003-A+PMSX003-B,25.67851,-100.324974
288332,Facultad de Salud Pública y Nutrición,0,PA-II-FLEX,3.0+OPENLOG+NO-DISK+RV3028+BME68X+PMSX003-A+PMSX003-B,25.688875,-100.34783
292893,TEC-AMM-RB-005,0,PA-II-FLEX,3.0+OPENLOG+NO-DISK+RV3028+PMSX003-A+PMSX003-B,25.658117,-100.26312
292895,TEC-AMM-RD-004,0,PA-II-FLEX,3.0+OPENLOG+NO-DISK+RV3028+BME68X+PMSX003-A+PMSX003-B,25.774128,-100.26622
292889,TEC-AMM-RB-003,0,PA-II-FLEX,3.0+OPENLOG+NO-DISK+RV3028+BME68X+PMSX003-A+PMSX003-B,25.654068,-100.22748
292891,TEC-AMM-RC-004,0,PA-II-FLEX,3.0+OPENLOG+NO-DISK+RV3028+BME68X+PMSX003-A+PMSX003-B,25.639277,-100.17398
292901,TEC-AMM-RF-004,0,PA-II-FLEX,3.0+OPENLOG+NO-DISK+RV3028+BME68X+PMSX003-A+PMSX003-B,25.738094,-100.30651
292897,TEC-AMM-RF-005,0,PA-II-FLEX,3.0+OPENLOG+NO-DISK+RV3028+BME68X+PMSX003-A+PMSX003-B,25.770947,-100.36825
292905,TEC-AMM-RC-006,0,PA-II-FLEX,3.0+OPENLOG+NO-DISK+RV3028+BME68X+PMSX003-A+PMSX003-B,25.608519,-100.1551
292941,TEC-AMM-RD-005,0,PA-II-FLEX,3.0+OPENLOG+NO-DISK+RV3028+BME68X+PMSX003-A+PMSX003-B,25.760899,-100.16765
292943,TEC-AMM-RC-005,0,PA-II-FLEX,3.0+OPENLOG+NO-DISK+RV3028+BME68X+PMSX003-A+PMSX003-B,25.646128,-100.14929
292939,TEC-AMM-RA-001,0,PA-II-FLEX,3.0+OPENLOG+NO-DISK+RV3028+BME68X+PMSX003-A+PMSX003-B,25.658657,-100.399
292949,TEC-AMM-RA-003,0,PA-II-FLEX,3.0+OPENLOG+NO-DISK+RV3028+BME68X+PMSX003-A+PMSX003-B,25.661757,-100.36972
292951,TEC-AMM-RB-004,0,PA-II-FLEX,3.0+OPENLOG+NO-DISK+RV3028+BME68X+PMSX003-A+PMSX003-B,25.66194,-100.3313
292947,TEC-AMM-RA-004,0,PA-II-FLEX,3.0+OPENLOG+NO-DISK+RV3028+BME68X+PMSX003-A+PMSX003-B,25.684696,-100.36298
292957,TEC-AMM-RC-008,0,PA-II-FLEX,3.0+OPENLOG+NO-DISK+RV3028+BME68X+PMSX003-A+PMSX003-B,25.731503,-100.13724
292973,TEC-AMM-RC-003,0,PA-II-FLEX,3.0+OPENLOG+NO-DISK+RV3028+BME68X+PMSX003-A+PMSX003-B,25.684975,-100.17443
292983,TEC-AMM-RC-007,0,PA-II-FLEX,3.0+OPENLOG+NO-DISK+RV3028+BME68X+PMSX003-A+PMSX003-B,25.650148,-100.11657
292997,TEC-AMM-RF-004,0,PA-II-FLEX,3.0+OPENLOG+NO-DISK+RV3028+BME68X+PMSX003-A+PMSX003-B,25.73373,-100.31656
292999,TEC-AMM-RE-002,0,PA-II-FLEX,3.0+OPENLOG+NO-DISK+RV3028+BME68X+PMSX003-A+PMSX003-B,25.772509,-100.31119
293001,TEC-AMM-RF-006,0,PA-II-FLEX,3.0+OPENLOG+NO-DISK+RV3028+BME68X+PMSX003-A+PMSX003-B,25.71829,-100.37077
293003,TEC-AMM-RB-006,0,PA-II-FLEX,3.0+OPENLOG+NO-DISK+RV3028+BME68X+PMSX003-A+PMSX003-B,25.676483,-100.29272
293469,Leon Ortigosa ABP,0,PA-II-FLEX,3.0+OPENLOG+NO-DISK+RV3028+BME68X+PMSX003-A+PMSX003-B,25.67212,-100.33521
293465,Loma Larga,0,PA-II-FLEX,3.0+OPENLOG+NO-DISK+RV3028+BME68X+PMSX003-A+PMSX003-B,25.665812,-100.34373
293467,UMF37,0,PA-II-FLEX,3.0+OPENLOG+NO-DISK+RV3028+BME68X+PMSX003-A+PMSX003-B,25.687622,-100.342964
33027,Lagos del Bosque,0,PA-II,2.0+BME280+PMSX003-B+PMSX003-A,25.600061,-100.26256
33117,Liceo de Monterrey,0,PA-II,2.0+BME280+PMSX003-B+PMSX003-A,25.650322,-100.32849
34441,Callejon de los Ayala,0,PA-II,2.0+BME280+PMSX003-B+PMSX003-A,25.6665,-100.3976
34499,San Patricio #106,0,PA-II,2.0+BME280+PMSX003-B+PMSX003-A,25.641743,-100.3472
34511,Rosario,0,PA-II,2.0+BME280+PMSX003-B+PMSX003-A,25.640432,-100.392265
38663,Rayon Norte,0,PA-II,2.0+BME280+PMSX003-B+PMSX003-A,25.678823,-100.319695
42211,RF,1,PA-I,2.0+BME280+PMSX003-A,25.61638,-100.316124
305140,Bicla,0,PA-II-FLEX,3.0+OPENLOG+NO-DISK+RV3028+PMSX003-A+PMSX003-B,25.700935,-100.33541
305164,NuevaMaderoDave,0,PA-II-FLEX,3.0+OPENLOG+NO-DISK+RV3028+BME68X+PMSX003-A+PMSX003-B,25.688787,-100.27929
305192,11a avenida cumbres 1 sector,0,PA-II-FLEX,3.0+OPENLOG+NO-DISK+RV3028+BME68X+PMSX003-A+PMSX003-B,25.69958,-100.35898
305232,PurpleAir Ancira Mty,0,PA-II-FLEX,3.0+OPENLOG+NO-DISK+RV3028+BME68X+PMSX003-A+PMSX003-B,25.651157,-100.3062
43627,Liceo de Monterrey Rosemont,1,PA-II-SD,2.0+OPENLOG+NO-DISK+DS3231+BME280+PMSX003-B+PMSX003-A,25.67425,-100.35398
45769,Huascaran,0,PA-II-SD,2.0+OPENLOG+15802 MB+DS3231+BME280+PMSX003-B+PMSX003-A,25.637255,-100.399216
308956,Jardín de las carreras,0,PA-II-FLEX,3.0+OPENLOG+NO-DISK+RV3028+BME68X+PMSX003-A+PMSX003-B,25.650595,-100.289
49949,El Horizonte,0,PA-II,2.0+BME280+PMSX003-B+PMSX003-A,25.677492,-100.29761
50555,Treviño,0,PA-II,2.0+BME280+PMSX003-B+PMSX003-A,25.638243,-100.36743
50871,TEC Garza Laguera,0,PA-II-SD,2.0+OPENLOG+NO-DISK+DS3231+BME280+PMSX003-B+PMSX003-A,25.61827,-100.27293
321194,Ramsesgs,0,PA-II-FLEX,3.0+OPENLOG+3951 MB+RV3028+BME68X+PMSX003-A+PMSX003-B,25.61975,-100.29781
119937,Grupo Reforma Cumbres,0,PA-II,2.0+BME280+PMSX003-B+PMSX003-A,25.71012,-100.37474
119965,Grupo Reforma El Norte,0,PA-II,2.0+BME280+PMSX003-B+PMSX003-A,25.674164,-100.30816
121825,Grupo Reforma Sierra Madre,0,PA-II,2.0+BME280+PMSX003-B+PMSX003-A,25.663378,-100.36808
136522,Bosques de La Pastora,0,PA-II,2.0+BME280+PMSX003-B+PMSX003-A,25.65773,-100.251625
147010,Santa Barbara,0,PA-II-SD,2.0+OPENLOG+15802 MB+DS3231+BME280+PMSX003-B+PMSX003-A,25.661701,-100.38932
174781,Colegio Cambridge de Monterrey Campus Mitras,0,PA-II-ZEN,3.0+OPENLOG+NO-DISK+RV3028+BME68X+KX122+PMSX003-A+PMSX003-B,25.696613,-100.348114
174787,Colegio Cambridge de Monterrey Campus Norte,0,PA-II-ZEN,3.0+OPENLOG+NO-DISK+RV3028+BME68X+KX122+PMSX003-A+PMSX003-B,25.779613,-100.28022
189431,BEA,0,PA-II,2.0+BME280+PMSX003-B+PMSX003-A,25.65725,-100.35996
189435,Olinalá,0,PA-II,2.0+BME280+PMSX003-B+PMSX003-A,25.618986,-100.37645
189447,Río Amazonas NO,0,PA-II,2.0+PMSX003-B+PMSX003-A,25.662104,-100.37172
189455,CHIPINQUE CAV,0,PA-II,2.0+BME280+PMSX003-B+PMSX003-A,25.618307,-100.359955
189469,Hospital Zambran Hellion TecSalud,0,PA-II,2.0+BME280+PMSX003-B+PMSX003-A,25.64684,-100.33364
208785,Colegio Cambridge de Monterrey Campus Anáhuac,0,PA-II-ZEN,3.0+OPENLOG+NO-DISK+RV3028+BME68X+KX122+PMSX003-A+PMSX003-B,25.77144,-100.26785
209147,Rincon de San Jeronimo,0,PA-II,2.0+BME280+PMSX003-B+PMSX003-A,25.691032,-100.375786
227879,Rectoria,0,PA-II-FLEX,3.0+OPENLOG+31954 MB+RV3028+BME68X+PMSX003-A+PMSX003-B,25.651268,-100.291214
227887,Sensor_Purple_Air-Explanada_EGP-Entrada_Prin,0,PA-II-FLEX,3.0+OPENLOG+31954 MB+RV3028+BME68X+PMSX003-A+PMSX003-B,25.64419,-100.3255
227889,Parque central,0,PA-II-FLEX,3.0+OPENLOG+31954 MB+RV3028+BME68X+PMSX003-A+PMSX003-B,25.652395,-100.28713
227907,Estacionamiento Alumnos,0,PA-II-FLEX,3.0+OPENLOG+31954 MB+RV3028+BME68X+PMSX003-A+PMSX003-B,25.744081,-100.28277
227913,EGADE-Sombrillas,0,PA-II-FLEX,3.0+OPENLOG+31954 MB+RV3028+BME68X+PMSX003-A+PMSX003-B,25.643106,-100.32573
228003,EGL-Jardín Robótica,0,PA-II-FLEX,3.0+OPENLOG+31954 MB+RV3028+BME68X+PMSX003-A+PMSX003-B,25.61803,-100.27554
228001,C-MTY Explanada 2,0,PA-II-FLEX,3.0+OPENLOG+31954 MB+RV3028+BME68X+PMSX003-A+PMSX003-B,25.656332,-100.20696
228383,Estadio Banorte,0,PA-II-FLEX,3.0+OPENLOG+31954 MB+RV3028+BME68X+PMSX003-A+PMSX003-B,25.654228,-100.28651
228381,C-MTY RAMPA CAFETERÍA,0,PA-II-FLEX,3.0+OPENLOG+NO-DISK+RV3028+BME68X+PMSX003-A+PMSX003-B,25.628263,-100.30376
228389,PEGS-Sensor-Canchas,0,PA-II-FLEX,3.0+OPENLOG+31954 MB+RV3028+BME68X+PMSX003-A+PMSX003-B,25.670425,-100.35683
228407,CEDES,0,PA-II-FLEX,3.0+OPENLOG+31954 MB+RV3028+BME68X+PMSX003-A+PMSX003-B,25.653677,-100.29242
